Workbook

Sheet Lịch sử giá
A1: STT | B1: Mã CP | C1: Ngày | D1: Giá mở cửa | E1: Giá cao nhất | F1: Giá thấp nhất | G1: Giá đóng cửa | H1: KL
A2: 1 | B2: PLX | C2: 46113 | D2: 41.1 | E2: 41.85 | F2: 40.5 | G2: 40.7 | H2: 4263100
A3: 2 | B3: PLX | C3: 46114 | D3: 41 | E3: 41.45 | F3: 40.05 | G3: 40.4 | H3: 2560600
A4: 3 | B4: PLX | C4: 46115 | D4: 40.9 | E4: 41.35 | F4: 40.2 | G4: 40.2 | H4: 2933800
A5: 4 | B5: PLX | C5: 46118 | D5: 40.2 | E5: 40.2 | F5: 38.9 | G5: 38.9 | H5: 3124000
A6: 5 | B6: PLX | C6: 46119 | D6: 38.95 | E6: 39.55 | F6: 38.55 | G6: 38.6 | H6: 1984000
A7: 6 | B7: PLX | C7: 46120 | D7: 39.5 | E7: 40.75 | F7: 38.95 | G7: 40.5 | H7: 3490600
A8: 7 | B8: PLX | C8: 46121 | D8: 40.5 | E8: 40.5 | F8: 39.5 | G8: 39.5 | H8: 2983000
A9: 8 | B9: PLX | C9: 46122 | D9: 39.95 | E9: 42 | F9: 39.55 | G9: 41.15 | H9: 5697200
A10: 9 | B10: PLX | C10: 46125 | D10: 41.9 | E10: 41.95 | F10: 40.5 | G10: 40.7 | H10: 3019000
A11: 10 | B11: PLX | C11: 46126 | D11: 41.2 | E11: 41.2 | F11: 40.1 | G11: 40.15 | H11: 2218200
A12: 11 | B12: PLX | C12: 46127 | D12: 40.15 | E12: 40.7 | F12: 39.65 | G12: 39.8 | H12: 2864800
A13: 12 | B13: PLX | C13: 46128 | D13: 40.1 | E13: 40.1 | F13: 38.9 | G13: 39.1 | H13: 3333400
... A65: 64 | B65: PLX | C65: 46205 | D65: 37.45 | E65: 37.45 | F65: 37.1 | G65: 37.2 | H65: 803400

Sheet Giá trung bình (30 ngày)
A1: STT | B1: Mã | C1: Ngày | D1: Giá trung bình (30 ngày giao dịch gần nhất)
A2: 1 | B2: PLX | C2: 46157 | D2: =AVERAGE('Lịch sử giá'!G2:G31) -> 39.326667
A3: 2 | B3: PLX | C3: 46160 | D3: =AVERAGE('Lịch sử giá'!G3:G32) -> 39.475
A4: 3 | B4: PLX | C4: 46161 | D4: =AVERAGE('Lịch sử giá'!G4:G33) -> 39.528333
A5: 4 | B5: PLX | C5: 46162 | D5: =AVERAGE('Lịch sử giá'!G5:G34) -> 39.65
A6: 5 | B6: PLX | C6: 46163 | D6: =AVERAGE('Lịch sử giá'!G6:G35) -> 39.785
A7: 6 | B7: PLX | C7: 46164 | D7: =AVERAGE('Lịch sử giá'!G7:G36) -> 39.896667
A8: 7 | B8: PLX | C8: 46167 | D8: =AVERAGE('Lịch sử giá'!G8:G37) -> 39.87
A9: 8 | B9: PLX | C9: 46168 | D9: =AVERAGE('Lịch sử giá'!G9:G38) -> 39.886667
A10: 9 | B10: PLX | C10: 46169 | D10: =AVERAGE('Lịch sử giá'!G10:G39) -> 39.83
A11: 10 | B11: PLX | C11: 46170 | D11: =AVERAGE('Lịch sử giá'!G11:G40) -> 39.788333
A12: 11 | B12: PLX | C12: 46171 | D12: =AVERAGE('Lịch sử giá'!G12:G41) -> 39.816667
A13: 12 | B13: PLX | C13: 46174 | D13: =AVERAGE('Lịch sử giá'!G13:G42) -> 39.815
... A36: 35 | B36: PLX | C36: 46205 | D36: =AVERAGE('Lịch sử giá'!G36:G65) -> 39.191667
